{"chunk_definitions":[{"row":30,"row_count":1,"visible":true,"expansion_state":0,"options":{"engine":"r","label":"unnamed-chunk-1","dev":"png"},"document_id":"8C711CFA","chunk_id":"cbhyfamgchg9s","chunk_label":"unnamed-chunk-2"},{"row":44,"row_count":1,"visible":true,"expansion_state":0,"options":{"engine":"r","label":"unnamed-chunk-19","dev":"png"},"document_id":"8C711CFA","chunk_id":"c2zn54y7v2kuw","chunk_label":"unnamed-chunk-3"},{"row":56,"row_count":1,"visible":true,"expansion_state":0,"options":{"engine":"r","label":"unnamed-chunk-20","dev":"png"},"document_id":"8C711CFA","chunk_id":"cior3ez1v5j6s","chunk_label":"unnamed-chunk-4"}],"doc_write_time":1763088153}